Word,Type,Letters,Syllables,K&F,ANEW,,Personal Use,,Familiarity,,Offensiveness,,Tabooness,,Valence,,Arousal,,Imageability,
,,,,Freq.,Valence,Arousal,Mean,SD,Mean,SD,Mean,SD,Mean,SD,Mean,SD,Mean,SD,Mean,SD
nigger,taboo,6,2,,,,"1,29","0,73","4,51","2,21","7,20","2,38","8,36","1,38","1,44","0,84","7,11","2,54","4,76","3,31"
buttfuck,taboo,8,2,,,,"1,43","1,04","2,84","1,64","5,11","2,81","7,89","1,53","2,43","1,40","5,43","2,68","3,73","2,76"
cocksucker,taboo,10,3,,,,"2,07","2,06","3,51","2,10","5,09","2,74","7,89","1,54","2,24","1,33","5,98","2,75","3,31","2,71"
motherfucker,taboo,12,4,,,,"3,33","2,58","5,82","2,41","4,73","2,68","7,58","1,74","1,89","1,01","5,98","2,55","1,84","1,52"
fuck,taboo,4,1,,,,"5,67","2,78","7,31","2,03","3,76","2,72","7,36","1,85","2,58","1,64","5,80","2,46","2,31","1,87"
fag,taboo,3,1,,,,"2,07","1,60","4,67","2,31","5,16","2,84","7,18","1,85","2,00","1,46","4,67","2,65","2,38","1,93"
cunt,taboo,4,1,,,,"1,73","1,25","3,61","1,91","5,09","2,81","7,14","2,36","2,27","1,69","5,09","2,84","3,07","2,56"
chink,taboo,5,1,,,,"1,27","0,87","2,77","2,08","5,18","2,79","6,75","2,62","2,73","2,14","4,25","2,68","3,50","2,86"
whore,taboo,5,1,2,"1,61","5,54","4,73","2,54","6,33","2,43","4,80","2,51","6,71","1,87","2,07","1,14","5,27","2,42","4,29","2,88"
blowjob,taboo,7,2,,,,"3,23","2,19","5,11","2,17","3,20","2,45","6,70","1,91","3,80","1,47","5,30","2,37","6,07","2,60"
pussy,taboo,5,2,,,,"2,89","1,97","5,36","2,52","4,64","2,67","6,62","2,11","2,78","1,52","5,64","2,20","4,42","2,99"
homo,taboo,4,2,,,,"2,16","1,77","5,47","2,29","4,56","2,50","6,60","1,91","2,47","1,16","4,82","2,48","3,20","2,82"
cock,taboo,4,1,,,,"2,59","1,88","4,80","2,27","3,30","2,21","6,55","2,05","3,55","1,27","5,07","2,28","6,20","2,77"
dick,taboo,4,1,,,,"4,45","2,52","5,95","2,36","2,95","1,84","6,52","2,21","3,43","1,50","4,95","2,45","6,27","2,68"
dyke,taboo,4,1,,,,"1,56","0,91","3,84","1,96","4,79","2,92","6,42","2,43","2,47","1,52","4,26","2,56","3,40","2,61"
clit,taboo,4,1,,,,"2,34","1,95","3,59","2,15","3,11","2,39","6,41","2,67","4,05","1,57","4,75","2,60","4,80","2,93"
slut,taboo,4,1,,,,"4,56","2,33","6,42","2,15","4,82","2,69","6,36","2,31","2,33","1,07","4,82","2,39","3,76","2,65"
masturbate,taboo,10,3,,"4,35","5,27","3,05","2,25","5,11","2,03","2,45","1,98","6,34","2,23","3,57","1,55","5,11","2,16","5,30","2,58"
dildo,taboo,5,2,,,,"2,31","1,84","4,00","2,42","2,69","2,24","6,33","2,26","3,87","1,42","5,49","2,33","6,51","2,55"
lesbo,taboo,5,2,,,,"2,00","1,48","4,00","2,26","4,02","2,65","6,11","2,08","2,70","1,21","3,86","2,36","3,32","2,58"
shithead,taboo,8,2,,,,"2,60","2,09","4,49","2,38","3,71","2,63","6,09","2,16","2,42","1,16","4,73","2,51","2,11","1,79"
bitch,taboo,5,1,,,,"5,30","2,48","7,05","1,87","4,86","2,57","6,07","2,20","2,20","1,37","5,32","2,30","2,68","2,02"
cum,taboo,3,1,,,,"3,20","2,19","4,82","2,41","2,44","1,96","6,00","2,20","4,09","1,22","4,69","2,21","5,24","3,03"
bastard,taboo,7,2,12,"3,44","5,94","3,69","2,39","5,31","2,04","3,24","2,17","5,71","2,14","2,47","1,06","4,38","2,12","2,16","2,00"
ejaculate,taboo,9,4,,,,"2,73","1,97","4,44","2,32","2,09","1,68","5,69","2,08","4,51","1,22","4,60","2,52","5,20","2,76"
boner,taboo,5,2,,,,"2,91","2,29","5,24","2,43","2,24","1,77","5,67","2,31","4,09","1,40","4,84","2,44","6,22","2,44"
skank,taboo,5,1,,,,"3,20","1,90","4,95","2,42","4,11","2,68","5,66","2,15","2,43","1,13","4,36","2,19","3,02","2,12"
shit,taboo,4,1,,,,"6,40","2,31","7,71","1,69","2,60","2,12","5,64","2,54","2,76","1,28","4,11","2,35","3,98","3,04"
retard,taboo,6,2,,,,"3,41","1,73","5,68","2,21","4,82","2,54","5,61","2,16","2,43","1,23","3,93","2,15","3,36","2,49"
orgasm,taboo,6,3,7,"8,19","8,27","4,05","2,28","5,67","2,37","1,70","1,51","5,60","2,35","6,56","1,75","5,40","2,49","4,12","2,99"
asshole,taboo,7,2,,,,"5,20","2,34","6,68","1,97","3,75","2,47","5,52","2,41","2,41","1,47","4,32","2,34","2,39","2,04"
penis,taboo,5,2,,"6,25","6,00","3,84","2,41","5,80","2,22","2,18","1,98","5,49","2,39","4,51","1,31","5,51","2,24","7,91","1,61"
tits,taboo,4,1,,,,"2,44","1,93","5,07","2,37","3,13","2,02","5,47","2,07","4,02","1,16","4,76","2,38","6,82","2,41"
horny,taboo,5,2,,,,"3,89","2,26","5,67","2,23","2,40","1,97","5,40","2,35","4,18","1,23","5,18","2,09","3,33","2,33"
queer,taboo,5,1,,,,"2,09","1,52","4,62","1,96","3,53","2,10","5,36","2,29","2,98","1,42","3,22","2,12","3,11","2,76"
hooker,taboo,6,2,,"2,32","4,00","3,02","1,94","4,89","2,32","3,30","2,68","5,34","2,37","2,61","1,39","4,11","2,09","6,66","2,52"
vibrator,taboo,8,3,,,,"2,38","1,72","3,84","1,91","2,20","1,67","5,33","2,53","4,24","1,26","4,76","2,41","6,24","2,55"
goddamn,taboo,7,2,,,,"4,36","2,44","5,51","2,32","2,87","2,38","5,29","2,61","3,00","1,21","3,96","2,51","1,40","1,29"
sodomize,taboo,8,3,,,,"1,73","1,50","2,95","2,12","3,18","2,84","5,20","2,81","2,64","1,45","4,52","2,87","3,07","2,75"
bullshit,taboo,8,2,,,,"5,39","2,30","6,64","2,15","2,27","2,08","5,18","2,42","2,70","1,37","4,27","2,33","1,98","1,97"
nutsack,taboo,7,2,,,,"1,52","1,15","2,93","1,80","2,86","2,00","5,18","2,48","3,64","1,28","4,02","2,50","5,14","2,99"
nipples,taboo,7,2,,,,"3,48","2,26","5,16","2,28","1,89","1,66","5,16","2,12","4,70","1,03","4,27","2,35","7,70","1,65"
gay,taboo,3,1,,,,"4,32","2,61","6,57","2,24","2,86","2,44","4,98","2,30","3,50","1,30","3,59","2,22","3,16","2,40"
ass,taboo,3,1,,,,"5,71","2,58","6,84","1,94","2,38","1,76","4,96","1,98","3,58","1,23","3,73","2,24","6,47","2,43"
rimjob,taboo,6,2,,,,"1,45","1,21","2,36","2,04","2,79","2,47","4,93","3,47","3,86","1,44","4,41","3,17","3,48","2,87"
anus,taboo,4,2,,,,"2,09","1,57","3,64","2,05","2,41","1,83","4,86","2,50","3,86","1,21","3,66","2,27","5,82","2,64"
fellatio,taboo,8,4,,,,"1,79","1,63","2,65","2,02","1,77","1,62","4,86","2,83","4,23","1,51","4,26","2,65","4,00","3,20"
scrotum,taboo,7,2,,,,"1,84","1,22","3,18","2,23","2,04","1,30","4,80","2,42","4,47","0,87","4,20","2,40","5,84","2,70"
vagina,taboo,6,3,10,"4,90","3,95","3,78","2,51","4,89","2,43","1,71","1,14","4,67","2,57","4,71","0,73","4,18","2,27","7,24","2,58"
hump,taboo,4,1,,,,"2,84","1,87","4,59","2,04","2,09","1,41","4,55","2,42","4,41","1,00","3,41","1,70","5,18","2,76"
piss,taboo,4,1,,,,"3,20","2,37","5,18","2,29","2,18","1,68","4,51","2,29","3,67","1,07","3,07","2,04","4,78","2,84"
castrate,taboo,8,2,,,,"2,30","1,92","3,39","1,96","2,20","1,90","4,48","2,65","2,86","1,80","3,59","2,48","4,16","2,72"
boobs,taboo,5,1,,,,"5,23","2,58","6,93","1,79","1,86","1,32","4,44","2,30","4,77","1,13","3,88","2,36","7,58","1,74"
fat,neg lo ar,3,1,60,"1,75","6,50","6,53","2,33","7,44","1,94","4,11","2,55","4,40","2,62","2,24","1,00","3,87","2,35","7,00","2,09"
knockers,taboo,8,2,,,,"1,80","1,75","3,58","2,24","2,64","1,98","4,31","2,75","4,22","1,44","3,36","2,18","4,89","2,83"
prick,taboo,5,1,2,"3,45","5,27","2,32","1,52","3,82","1,85","3,50","2,55","4,30","2,68","2,98","1,71","3,82","2,31","2,77","2,27"
crap,taboo,4,1,,,,"5,67","2,35","6,18","2,04","1,91","1,56","4,24","2,04","3,22","0,90","2,76","1,80","3,98","3,07"
erotic,pos hi ar,6,3,8,"6,73","6,77","3,23","2,16","5,02","2,43","1,91","1,55","4,20","2,23","5,02","1,41","4,75","2,31","3,23","2,30"
testicles,taboo,9,3,,,,"3,04","2,52","4,27","2,58","1,80","1,46","4,16","2,06","4,51","1,04","3,89","2,27","6,29","2,63"
twat,taboo,4,1,,,,"1,50","1,02","1,84","1,12","2,95","2,47","4,16","3,01","3,66","1,64","3,67","2,79","2,02","1,97"
cunnilingus,taboo,11,4,,,,"1,47","1,12","2,23","2,08","1,91","1,97","4,09","3,27","4,72","1,20","4,14","3,23","2,84","2,83"
damn,taboo,4,1,,,,"6,73","2,20","7,27","1,85","1,87","1,33","4,09","2,37","3,27","1,07","3,27","1,99","1,49","1,29"
semen,taboo,5,2,,,,"3,09","2,31","4,58","2,33","1,71","1,25","4,04","2,16","4,71","0,84","3,87","2,33","6,13","2,98"
kike,taboo,4,1,,,,"1,24","0,82","1,79","1,57","3,10","2,73","4,02","3,44","3,48","1,67","3,64","3,02","1,83","1,72"
hell,taboo,4,1,95,"1,67","6,05","5,58","2,32","6,49","2,24","1,73","1,36","4,00","2,23","2,33","1,23","3,16","2,45","4,09","2,66"
intercourse,pos hi ar,11,3,9,"7,05","6,68","3,39","2,22","5,41","2,41","1,48","1,02","3,95","2,59","5,16","1,40","4,55","2,40","6,39","2,29"
turd,taboo,4,1,,,,"1,86","1,37","3,14","2,01","2,18","1,54","3,91","2,04","3,45","1,36","2,75","1,94","4,55","2,99"
alcoholic,neg hi ar,9,4,3,"2,00","6,00","5,16","2,44","6,64","2,22","2,39","2,30","3,84","2,59","2,55","1,52","3,64","2,30","4,89","2,51"
fart,taboo,4,1,,,,"4,13","2,56","5,82","2,18","1,71","1,08","3,80","2,13","3,73","0,96","3,24","1,87","3,64","2,77"
fornicate,taboo,9,3,,,,"1,98","1,71","3,42","2,49","2,20","1,91","3,80","2,49","4,27","1,30","3,91","2,43","3,56","3,00"
moron,taboo,5,2,,,,"3,33","2,07","5,09","2,40","3,13","2,06","3,80","2,11","2,96","1,48","2,96","1,80","2,58","2,26"
murderer,neg hi ar,8,3,19,"1,42","7,42","3,75","2,63","5,73","2,55","3,14","2,72","3,70","2,95","1,77","1,16","5,16","2,44","4,52","2,66"
defecate,taboo,8,3,,,,"2,02","1,67","3,00","2,03","2,24","1,61","3,64","2,31","3,53","1,29","3,24","2,46","3,80","2,92"
breasts,taboo,7,2,,,,"4,58","2,24","5,93","2,21","1,49","0,99","3,60","1,86","5,20","0,73","4,02","2,53","7,53","1,91"
balls,taboo,5,1,,,,"4,48","2,31","5,91","2,42","1,66","1,24","3,57","2,35","4,73","0,82","2,89","1,87","6,95","2,50"
spic,taboo,4,1,,,,"1,24","0,74","2,00","1,55","2,62","2,70","3,57","3,39","3,78","1,57","3,18","2,95","2,13","2,00"
jugs,taboo,4,1,,,,"2,22","2,24","3,73","2,46","2,62","2,09","3,56","2,43","4,22","1,11","3,24","2,42","5,73","2,79"
gook,taboo,4,1,,,,"1,30","0,91","2,28","1,91","2,81","2,70","3,53","3,17","3,51","1,53","3,40","2,57","2,53","2,38"
jerk,taboo,4,1,,,,"5,62","2,40","6,33","2,15","2,51","1,60","3,51","2,10","2,98","1,16","3,60","1,81","3,09","2,28"
loser,taboo,5,2,1,"1,95","5,05","5,71","2,28","6,36","2,18","3,58","2,25","3,47","2,33","2,62","1,17","3,56","2,31","3,64","2,46"
dumb,taboo,4,1,,,,"6,16","2,12","6,73","2,01","3,11","2,29","3,42","2,20","3,00","1,13","2,84","2,05","2,40","1,94"
idiot,taboo,5,3,2,"3,00","3,83","5,24","2,45","6,22","2,27","2,53","1,83","3,42","2,26","2,91","1,13","2,53","1,65","2,80","2,27"
nude,pos hi ar,4,1,20,"5,88","5,73","3,84","2,47","5,36","2,52","1,51","1,20","3,40","2,39","4,44","1,01","4,47","2,32","6,96","2,18"
suck,taboo,4,1,,,,"6,07","2,44","6,78","2,24","2,16","1,72","3,38","2,30","3,40","1,18","3,69","2,26","3,11","2,61"
ugly,neg lo ar,4,2,21,"2,39","5,57","5,80","2,22","6,82","1,96","3,51","2,57","3,38","2,33","2,47","1,22","3,31","2,61","4,60","2,78"
booty,taboo,5,2,,,,"4,42","2,30","5,91","2,31","1,60","1,30","3,36","1,94","4,80","0,76","3,50","2,25","6,16","2,35"
screw,taboo,5,1,,,,"4,89","2,40","5,47","2,18","1,73","1,25","3,29","2,35","4,18","0,98","3,07","2,20","4,98","2,97"
coitus,taboo,6,2,,,,"1,43","1,02","1,86","1,18","1,45","0,83","3,26","2,68","4,26","1,48","3,00","2,60","2,38","2,36"
pecker,taboo,6,2,,,,"1,61","1,40","2,55","1,76","1,93","1,91","3,23","2,48","3,86","1,21","3,07","2,47","3,27","2,42"
jism,taboo,4,2,,,,"1,12","0,40","1,73","1,60","2,12","1,94","3,20","2,78","4,28","1,32","3,25","2,65","2,18","2,17"
sinful,neg hi ar,6,2,3,"2,88","6,27","3,31","2,43","4,27","2,54","1,98","1,84","3,16","2,54","2,36","1,19","3,82","2,31","2,24","1,85"
stupid,taboo,6,2,24,"2,10","4,97","6,62","2,24","7,44","1,74","2,84","2,33","3,13","1,95","3,02","1,08","2,84","1,91","2,22","1,82"
gun,neg hi ar,3,1,118,"2,27","6,96","4,02","2,49","6,00","2,48","1,84","1,57","3,11","2,27","2,96","1,30","4,18","2,72","8,33","1,31"
lust,pos hi ar,4,1,5,"6,92","6,85","4,31","2,41","5,40","2,34","1,67","1,40","3,02","2,17","4,51","1,56","4,16","2,24","2,67","2,10"
ecstasy,pos hi ar,7,3,6,"7,80","6,90","3,52","2,13","4,57","2,04","1,27","0,82","2,91","2,26","5,66","2,25","4,30","2,36","3,70","2,64"
butt,taboo,4,1,,,,"6,07","2,41","6,64","2,04","1,36","0,61","2,84","1,80","4,64","0,91","3,24","2,09","7,38","2,02"
obesity,neg lo ar,7,4,5,"2,81","4,52","4,14","2,14","6,14","2,31","2,07","1,85","2,80","2,20","2,68","1,34","3,18","2,13","6,82","2,23"
snob,neg hi ar,4,1,1,"3,60","5,61","3,57","1,98","5,09","2,24","2,80","2,33","2,80","2,18","2,80","1,11","2,95","2,02","3,48","2,65"
climax,taboo,6,2,,,,"3,91","2,50","4,98","2,65","1,33","0,83","2,78","2,08","5,87","1,22","4,73","2,71","2,73","2,23"
insane,neg hi ar,6,2,13,"2,23","5,95","5,30","2,53","5,55","2,46","1,98","1,86","2,73","2,43","3,11","1,17","2,93","2,23","3,14","2,31"
pee,taboo,3,1,,,,"6,62","2,15","6,44","2,43","1,27","0,84","2,69","1,86","4,78","0,97","2,49","2,12","5,87","2,33"
evil,neg hi ar,4,2,72,"2,46","6,27","5,16","2,34","5,70","2,37","1,98","1,86","2,60","2,12","2,49","1,71","3,16","2,16","3,07","2,15"
torture,neg hi ar,7,2,3,"1,58","7,11","3,71","2,39","4,71","2,51","2,24","2,28","2,58","2,41","2,27","1,14","4,29","2,63","5,00","2,65"
assault,neg hi ar,7,2,15,"1,78","7,70","3,84","2,42","5,16","2,32","2,16","2,26","2,52","2,55","2,41","1,11","3,68","2,38","4,35","2,57"
dork,taboo,4,1,,,,"5,76","2,51","6,51","2,14","1,60","1,16","2,47","1,66","4,00","1,02","2,73","2,02","3,20","2,42"
depressed,neg lo ar,9,2,11,"1,58","5,06","5,87","2,36","6,80","2,31","1,40","1,01","2,44","1,84","2,36","1,07","3,11","2,36","3,82","2,47"
excrement,taboo,9,3,,,,"2,05","1,84","2,80","1,89","1,82","1,33","2,43","1,87","4,11","1,19","2,61","1,86","4,77","3,06"
divorce,neg hi ar,7,2,29,"2,08","7,16","4,41","2,53","6,32","2,31","1,48","1,13","2,41","2,13","3,02","1,32","2,82","2,03","3,27","2,61"
betray,neg hi ar,6,2,4,"1,60","7,28","4,16","2,24","4,87","2,38","2,13","2,06","2,40","2,16","2,51","1,10","3,62","2,35","2,00","1,58"
assassin,neg hi ar,8,3,6,"2,50","6,53","2,96","2,14","3,87","2,39","1,80","1,83","2,36","2,25","3,02","1,44","3,22","2,47","4,33","2,55"
lie,neg hi ar,3,1,59,"2,28","6,25","6,23","2,24","6,41","2,16","2,20","2,12","2,34","2,29","2,73","1,44","2,89","2,18","1,91","1,61"
slap,neg hi ar,4,1,2,"2,56","6,58","4,55","2,46","5,60","2,49","1,79","1,49","2,29","1,90","3,43","1,31","3,12","2,28","6,21","2,54"
urine,neg lo ar,5,2,1,"3,65","4,23","3,16","2,35","4,36","2,04","1,36","0,75","2,23","1,54","3,91","1,12","2,48","1,65","7,20","2,27"
corrupt,neg lo ar,7,2,8,"2,52","4,52","4,38","2,60","5,51","2,39","1,73","1,45","2,16","1,83","2,82","1,23","2,84","1,93","2,67","2,37"
massacre,neg lo ar,8,3,1,"2,32","5,43","2,95","1,90","4,07","2,24","1,98","2,11","2,16","1,86","2,05","1,18","4,11","2,60","5,02","2,65"
brutal,neg hi ar,6,2,7,"2,46","7,36","4,36","2,39","4,98","2,22","1,69","1,41","2,16","2,07","2,82","1,27","3,18","2,16","2,93","2,15"
rage,neg hi ar,4,1,16,"2,35","8,09","3,73","2,20","4,89","2,32","1,86","1,61","2,16","1,99","2,93","1,66","3,41","2,20","3,86","2,57"
riot,neg hi ar,4,2,7,"2,50","6,58","3,11","1,94","4,16","2,23","1,36","0,84","2,14","1,73","3,09","1,22","3,80","2,58","6,30","2,37"
bankrupt,neg hi ar,8,2,5,"1,85","6,56","3,16","2,41","4,56","2,66","1,16","0,42","2,13","1,91","2,84","1,21","2,76","2,07","2,62","1,90"
carcass,neg lo ar,7,2,7,"2,59","4,59","2,47","2,09","3,24","2,36","1,64","1,54","2,09","1,81","3,58","1,27","2,91","2,00","6,07","2,88"
debt,neg hi ar,4,1,13,"2,12","6,46","4,93","2,72","6,16","2,54","1,42","1,06","2,07","1,75","2,98","1,27","2,53","1,69","2,67","2,37"
gossip,neg hi ar,6,2,13,"3,23","6,32","5,37","2,43","6,37","2,15","1,70","1,23","2,07","1,62","3,56","1,08","2,95","2,13","2,72","2,24"
snatch,taboo,6,1,,,,"2,91","2,21","3,81","2,35","1,88","1,71","2,05","2,02","4,05","1,07","2,51","1,97","3,40","2,67"
pot,rel neu,3,1,28,,,"5,49","2,35","6,02","2,38","1,16","0,48","2,02","1,66","4,60","0,92","2,47","2,03","7,73","2,04"
lame,taboo,4,1,,,,"6,55","2,49","6,52","2,46","2,00","1,79","2,00","1,51","3,45","1,07","2,00","1,49","1,80","1,56"
fraud,neg hi ar,5,1,8,"2,65","5,92","3,07","2,06","4,86","2,45","2,05","2,05","2,00","2,09","2,80","1,30","2,82","1,99","2,36","1,82"
crime,neg lo ar,5,1,34,"2,33","5,75","4,44","2,51","6,33","2,33","1,60","1,25","1,98","1,76","3,18","1,91","3,36","2,25","3,91","2,49"
morbid,neg lo ar,6,2,1,"2,62","5,22","3,27","1,97","4,07","2,30","1,77","1,87","1,98","1,87","2,73","1,17","2,59","1,93","2,70","2,15"
flirt,pos hi ar,5,1,1,"7,57","6,91","5,95","2,43","6,56","2,34","1,53","1,32","1,95","1,62","5,14","0,99","3,60","2,27","3,91","2,39"
anger,neg hi ar,5,2,48,"2,00","8,22","6,31","2,51","6,80","2,35","1,78","1,68","1,93","1,78","3,04","1,51","3,51","2,35","4,47","2,79"
caress,pos lo ar,6,2,1,"7,94","5,39","3,82","2,47","4,53","2,35","1,13","0,34","1,89","1,28","5,91","1,43","4,27","2,32","4,51","2,56"
poverty,neg lo ar,7,3,20,"1,46","4,84","4,62","2,45","5,78","2,58","1,42","1,08","1,89","1,67","2,67","1,31","3,38","2,42","5,33","2,95"
chaos,neg hi ar,5,2,17,"3,86","7,00","4,27","2,19","5,23","2,24","1,50","1,27","1,86","1,72","2,93","1,25","3,45","2,31","4,34","2,44"
guilty,neg hi ar,6,2,29,"2,54","6,81","5,23","2,06","6,30","1,90","1,52","1,09","1,86","1,64","2,86","1,32","2,70","1,75","2,36","1,62"
roach,neg hi ar,5,1,2,"1,95","7,50","3,11","2,45","3,86","2,66","1,50","1,07","1,86","1,58","3,45","1,25","3,05","2,07","6,80","2,56"
failure,neg lo ar,7,3,89,"1,36","5,52","5,09","2,14","5,80","2,17","2,25","2,13","1,84","1,61","2,45","1,21","2,55","2,13","2,14","1,59"
pig,unrel neu,3,1,8,"5,05","3,65","4,18","2,62","4,82","2,48","1,73","1,48","1,84","1,48","4,24","1,15","1,93","1,56","8,47","1,24"
randy,taboo,5,2,,,,"1,38","1,31","1,95","1,61","1,17","0,70","1,83","1,58","4,88","0,50","2,29","2,16","1,88","1,94"
alone,neg lo ar,5,2,195,"2,10","5,16","5,87","2,23","6,27","2,30","1,60","1,37","1,80","1,59","3,20","1,18","2,42","2,06","3,82","2,64"
tomb,neg lo ar,4,1,11,"2,55","5,05","3,00","2,59","3,67","2,64","1,18","0,91","1,78","1,62","4,00","1,11","2,51","1,94","7,62","1,86"
luscious,pos lo ar,8,2,2,"7,48","4,96","2,93","2,07","3,89","2,67","1,30","1,00","1,77","1,29","6,11","1,35","3,57","2,53","2,86","2,00"
toxic,neg hi ar,5,2,3,"2,14","6,61","3,56","2,25","4,49","2,48","1,60","1,45","1,76","1,80","2,78","1,20","3,07","2,22","3,49","2,64"
foul,neg lo ar,4,1,4,"2,73","4,76","3,58","2,47","4,79","2,12","1,81","1,58","1,72","1,40","3,33","1,13","2,30","1,67","2,47","1,98"
pollute,neg hi ar,7,2,1,"1,77","6,04","4,98","2,66","6,05","2,58","1,93","1,99","1,70","1,47","2,86","1,36","3,07","2,27","5,02","2,64"
illness,neg lo ar,7,2,20,"2,27","4,82","4,91","2,56","6,27","2,25","1,33","0,98","1,69","1,43","2,98","1,34","2,44","1,89","3,80","2,58"
unhappy,neg lo ar,7,3,26,"1,35","4,26","5,18","2,29","6,02","2,14","1,40","1,29","1,69","1,52","3,02","1,20","2,39","1,87","3,78","2,84"
stress,neg hi ar,6,1,107,"2,00","7,47","7,47","1,67","7,78","1,65","1,24","0,74","1,69","1,35","2,82","1,25","3,04","2,13","2,73","2,12"
pest,neg hi ar,4,1,4,"2,76","5,77","3,27","2,36","4,16","2,26","1,66","1,20","1,68","1,29","3,45","1,19","2,36","2,04","3,91","2,38"
tool,unrel neu,4,1,40,"4,91","3,91","4,32","2,44","5,39","2,32","1,30","1,09","1,68","1,88","4,66","1,06","1,68","1,52","5,82","2,78"
savior,pos hi ar,6,2,6,"7,72","5,76","3,49","2,70","4,49","2,83","1,09","0,42","1,64","1,21","7,22","1,31","3,33","2,59","4,78","3,09"
stench,neg lo ar,6,1,1,"1,82","4,57","3,09","2,19","4,05","2,43","1,70","1,26","1,63","1,25","3,00","1,13","2,72","2,05","2,30","1,71"
defeated,neg lo ar,8,3,15,"2,28","5,65","4,04","2,41","5,31","2,16","2,09","2,13","1,62","1,28","3,07","1,10","2,45","1,78","2,73","1,97"
outrage,neg hi ar,7,2,4,"3,35","7,15","3,98","2,21","5,29","2,38","1,38","0,94","1,62","1,15","3,13","1,18","3,18","2,35","3,36","2,28"
scared,neg hi ar,6,1,21,"2,08","6,81","5,98","2,33","6,36","2,38","1,31","1,00","1,62","1,37","3,20","0,94","3,33","2,24","3,96","2,60"
fur,unrel neu,3,1,13,"4,00","4,48","4,20","2,65","4,76","2,79","1,51","1,38","1,62","1,35","4,80","1,08","2,20","1,63","7,71","1,65"
moody,neg lo ar,5,2,5,"2,96","4,33","5,67","2,09","6,18","2,41","1,89","1,84","1,60","1,36","3,38","0,98","2,38","1,89","2,89","2,50"
fault,neg lo ar,5,1,22,"3,75","4,45","5,36","2,23","6,14","2,28","1,70","1,52","1,59","1,39","3,52","1,00","2,18","1,50","2,07","1,90"
nuisance,neg lo ar,8,2,5,"2,85","4,60","2,98","2,23","4,32","2,25","1,77","1,76","1,59","1,45","3,52","1,15","1,86","1,46","2,14","1,89"
trauma,neg hi ar,6,2,1,"1,77","6,54","4,22","2,25","5,64","2,42","1,40","1,03","1,58","1,45","2,80","1,42","3,36","2,38","3,20","1,97"
hurricane,neg hi ar,9,3,8,"2,45","7,00","3,41","2,19","4,86","2,20","1,34","1,29","1,55","1,45","3,05","1,57","3,32","2,49","7,07","2,16"
fight,neg hi ar,5,1,98,"2,65","7,40","5,74","2,48","6,47","2,32","1,51","1,55","1,53","1,18","3,23","1,21","2,84","2,06","5,51","2,86"
scream,neg hi ar,6,1,13,"3,73","7,38","5,44","2,52","5,74","2,40","1,28","0,83","1,53","1,10","4,05","1,00","3,12","2,07","4,44","2,66"
mold,neg lo ar,4,1,45,"3,19","4,14","3,82","2,13","4,57","2,37","1,27","1,11","1,52","1,39","4,00","1,29","1,98","1,47","6,30","2,95"
germs,neg lo ar,5,1,1,"2,81","4,68","4,53","2,35","5,65","2,26","1,44","1,26","1,51","1,37","3,42","1,14","2,37","1,90","4,35","2,80"
sick,neg lo ar,4,1,51,"1,69","4,15","6,16","2,15","6,91","2,07","1,27","0,99","1,51","1,27","3,09","1,10","2,53","1,80","4,33","2,46"
stiff,unrel neu,5,1,21,"4,29","3,86","4,04","2,74","4,47","2,72","1,33","0,85","1,51","1,41","4,33","0,77","1,91","1,38","4,16","2,46"
lonely,neg lo ar,6,2,25,"2,15","4,92","5,68","2,47","6,32","2,36","1,86","1,56","1,50","1,30","2,93","1,17","2,43","1,72","3,07","2,52"
crash,neg hi ar,5,1,20,"2,21","6,93","4,84","2,34","5,80","2,43","1,25","0,81","1,50","1,41","3,07","1,23","3,61","2,61","6,41","2,41"
noisy,unrel neu,5,2,6,"4,95","6,59","5,91","2,08","6,41","2,35","1,61","1,50","1,50","1,47","3,61","1,19","2,50","1,98","2,73","2,24"
cockroach,neg hi ar,9,2,2,"2,38","6,47","3,27","2,19","4,27","2,58","1,36","0,91","1,49","1,14","3,56","1,32","3,29","2,34","8,24","1,19"
rigid,neg lo ar,5,2,24,"3,25","4,58","3,30","2,05","4,39","2,27","1,36","0,84","1,48","1,19","4,23","0,86","2,00","1,74","3,41","2,47"
sad,neg lo ar,3,1,35,"1,43","4,09","6,60","2,35","6,96","2,11","1,49","1,31","1,47","1,36","2,78","0,90","2,64","2,04","3,93","2,77"
rag,rel neu,3,1,10,,,"4,24","2,67","4,80","2,48","1,44","1,14","1,47","1,22","4,67","0,64","1,47","0,92","6,40","2,77"
blase,unrel neu,5,2,7,"4,79","3,58","1,60","1,60","2,20","1,88","1,10","0,38","1,45","1,22","4,55","0,96","1,65","1,42","2,08","1,94"
heaven,pos hi ar,6,2,43,"7,41","5,16","5,40","2,54","6,31","2,44","1,09","0,47","1,44","1,14","7,80","1,69","4,18","2,86","5,00","2,68"
trash,neg lo ar,5,1,2,"2,88","4,35","6,71","2,43","6,58","2,32","1,60","1,54","1,42","1,39","3,49","1,24","2,20","1,82","7,29","2,17"
panic,neg hi ar,5,2,22,"2,73","7,50","4,98","2,38","5,59","2,57","1,14","0,51","1,41","1,06","3,39","1,26","3,05","2,09","3,41","2,37"
waste,neg lo ar,5,1,35,"2,58","3,76","5,76","2,66","6,00","2,44","1,84","1,72","1,40","1,05","3,09","1,29","2,38","1,85","4,89","2,83"
sheltered,unrel neu,9,2,4,"5,95","3,95","3,95","2,31","5,02","2,43","1,52","1,38","1,40","0,94","4,48","1,33","1,90","1,36","3,33","2,15"
quarrel,neg hi ar,7,2,20,"2,50","6,44","3,07","2,34","4,05","2,38","1,43","1,45","1,39","1,33","3,66","1,14","2,50","2,04","3,91","2,63"
queen,pos lo ar,5,1,41,"7,10","4,80","4,18","2,53","4,78","2,50","1,07","0,25","1,38","1,05","6,13","1,33","2,60","2,05","7,53","1,74"
dirt,neg lo ar,4,1,43,"3,90","4,15","5,13","2,49","5,51","2,49","1,60","1,53","1,38","1,07","3,91","1,00","1,67","1,28","7,62","2,04"
measles,neg lo ar,7,2,2,"2,47","5,38","2,27","2,09","3,31","2,58","1,00","0,00","1,38","1,13","3,11","1,28","2,07","1,52","4,42","2,69"
cow,unrel neu,3,1,29,"5,42","3,85","4,22","2,30","4,91","2,30","1,11","0,49","1,38","1,03","4,82","0,72","1,82","1,50","8,36","1,46"
mushroom,unrel neu,8,2,2,"5,50","4,50","4,84","2,47","5,33","2,37","1,11","0,44","1,38","0,94","4,84","0,82","1,87","1,39","8,24","1,45"
false.,neg lo ar,5,1,29,"3,30","3,60","5,58","2,45","6,40","2,29","1,51","1,55","1,36","1,25","3,36","1,21","2,36","2,25","1,80","1,39"
resent,neg lo ar,6,2,8,"3,64","4,90","4,16","2,41","4,77","2,63","1,37","1,07","1,35","1,09","3,49","1,16","2,60","1,80","1,74","1,12"
gender,unrel neu,6,2,2,"5,86","4,41","5,14","2,52","6,25","2,59","1,07","0,33","1,34","0,99","5,11","0,69","1,93","1,77","4,55","3,12"
scrub,rel neu,5,1,9,,,"4,36","2,10","4,52","2,14","1,32","1,27","1,34","1,35","4,75","0,92","1,80","1,25","5,05","2,87"
mildew,neg lo ar,6,2,1,"3,08","4,08","3,40","2,48","3,89","2,52","1,16","0,56","1,33","0,95","3,82","1,21","1,89","1,48","5,73","2,79"
aloof,unrel neu,5,2,5,"4,68","4,54","3,24","2,48","3,62","2,39","1,64","1,53","1,33","1,04","4,13","0,97","1,82","1,35","2,11","1,70"
gloom,neg lo ar,5,1,14,"1,79","3,68","3,39","2,58","4,02","2,53","1,25","0,75","1,32","0,91","3,41","1,11","2,11","1,59","3,43","2,60"
meek,neg lo ar,4,1,10,"3,38","4,19","2,27","1,52","3,00","2,12","1,52","1,29","1,32","0,77","4,05","0,96","1,59","1,32","2,14","1,94"
casino,pos hi ar,6,3,2,"6,71","6,27","4,00","2,45","5,29","2,56","1,07","0,33","1,31","0,90","4,73","0,72","2,64","2,18","7,27","2,14"
snake,neg hi ar,5,1,44,"2,58","6,92","3,98","2,53","4,73","2,73","1,27","0,86","1,31","1,04","4,11","1,21","3,44","2,59","8,47","1,01"
rainbow,pos lo ar,7,2,4,"8,25","4,45","3,91","2,29","4,73","2,53","1,09","0,36","1,30","0,95","6,64","1,37","3,18","2,27","8,55","0,93"
thrill,pos hi ar,6,1,5,"7,85","7,81","4,36","2,44","5,18","2,39","1,02","0,15","1,30","1,00","6,07","1,53","3,55","2,76","3,23","2,58"
obey,unrel neu,4,2,8,"4,52","4,38","4,27","2,26","5,20","2,42","1,50","1,15","1,30","0,85","5,30","1,32","2,05","1,41","2,39","1,79"
nervous,neg hi ar,7,2,24,"2,91","7,50","6,27","1,92","6,96","1,94","1,16","0,77","1,29","0,97","3,64","1,00","2,64","2,19","2,87","1,93"
plaster,rel neu,7,2,23,,,"3,24","2,52","3,60","2,37","1,04","0,21","1,29","1,04","4,73","0,96","1,29","0,82","4,62","2,87"
horror,neg hi ar,6,2,17,"2,48","7,69","4,33","2,48","5,40","2,21","1,42","1,22","1,27","0,96","3,07","1,25","3,38","2,48","4,22","2,65"
subdued,unrel neu,7,2,8,"4,54","2,93","3,40","2,17","4,04","2,37","1,29","0,70","1,27","0,78","4,64","0,98","1,80","1,41","1,93","1,62"
bathroom,rel neu,8,2,18,"5,19","3,92","7,48","1,59","7,25","2,00","1,02","0,15","1,27","0,82","4,93","0,33","1,48","1,05","7,61","1,99"
greet,pos lo ar,5,1,7,"7,05","5,25","4,38","2,33","5,04","2,44","1,04","0,21","1,24","1,07","5,71","0,92","1,87","1,69","3,24","2,19"
profit,pos hi ar,6,2,28,"7,54","6,27","5,12","2,53","6,31","2,35","1,12","0,77","1,24","0,91","6,71","1,35","3,26","2,86","3,26","2,26"
finger,unrel neu,6,2,40,"5,30","3,50","5,71","2,46","5,80","2,64","1,07","0,25","1,24","1,21","4,93","0,33","1,60","1,16","8,29","1,74"
closet,rel neu,6,2,16,,,"6,49","2,46","6,13","2,57","1,02","0,15","1,24","0,96","5,00","0,00","1,62","1,45","7,36","2,38"
rain,unrel neu,4,1,70,"4,81","3,62","5,89","2,13","6,14","2,25","1,16","0,68","1,23","0,89","4,93","1,07","2,77","2,13","8,00","1,43"
cut,neg lo ar,3,1,192,"3,58","5,21","5,73","2,42","5,62","2,41","1,16","0,67","1,22","0,70","3,93","1,16","2,71","1,96","6,20","2,68"
kindness,pos lo ar,8,2,5,"8,38","3,76","5,76","2,29","6,09","2,17","1,02","0,15","1,20","1,20","7,73","1,07","3,04","2,21","2,80","1,90"
indifferent,unrel neu,11,3,11,"4,46","3,17","4,44","2,49","5,18","2,47","1,18","0,58","1,20","0,84","4,62","1,01","1,71","1,12","1,67","1,38"
nun,unrel neu,3,1,2,"5,23","2,81","2,67","1,86","3,42","2,18","1,13","0,63","1,20","0,59","5,67","1,37","1,62","1,09","7,89","1,85"
fever,neg lo ar,5,2,19,"2,48","4,73","4,16","2,32","5,02","2,46","1,09","0,37","1,19","0,66","3,47","1,24","2,05","1,60","3,77","2,07"
grin,pos lo ar,4,1,13,"7,79","4,92","3,98","2,31","4,80","2,37","1,04","0,21","1,18","0,91","6,24","1,51","2,44","2,01","7,27","1,96"
wink,pos hi ar,4,1,7,"7,12","5,92","4,44","2,31","4,93","2,48","1,04","0,21","1,18","0,78","5,62","0,65","2,61","1,98","7,13","2,19"
blister,neg lo ar,7,2,3,"2,25","4,40","4,02","2,17","3,89","2,30","1,09","0,36","1,18","0,68","3,78","0,97","2,33","1,78","6,62","2,57"
writer,unrel neu,6,2,73,"6,05","5,38","5,25","2,49","5,89","2,53","1,02","0,15","1,18","1,21","5,30","0,82","1,77","1,36","5,25","2,90"
bedspread,rel neu,9,2,2,,,"3,36","2,42","3,71","2,47","1,07","0,33","1,18","0,81","4,87","0,69","1,80","1,53","6,87","2,63"
breeze,pos lo ar,6,1,14,"7,20","4,45","5,02","2,35","5,35","2,28","1,05","0,31","1,16","0,69","5,47","0,63","2,00","1,66","4,05","2,21"
carefree,pos lo ar,8,2,9,"7,45","4,82","4,33","2,23","4,95","2,39","1,05","0,21","1,16","0,69","6,51","1,32","2,47","2,18","2,95","2,13"
snuggle,pos lo ar,7,2,4,"8,00","3,96","5,31","2,42","5,40","2,45","1,04","0,21","1,16","0,64","6,82","1,21","3,91","2,63","5,47","2,74"
fame,pos hi ar,4,1,18,"7,93","7,14","4,50","2,64","6,16","2,76","1,11","0,39","1,16","0,65","6,43","1,53","3,27","2,33","3,89","2,69"
wit,pos hi ar,3,1,20,"7,32","5,24","3,64","2,23","4,30","2,23","1,07","0,26","1,16","0,75","6,05","1,29","2,16","1,80","1,93","1,98"
broken,neg lo ar,6,2,63,"2,73","5,46","5,95","2,19","6,36","2,39","1,27","0,85","1,16","0,65","3,59","1,21","2,07","1,69","5,45","2,46"
rusty,neg lo ar,5,2,8,"3,84","3,59","3,39","2,30","3,93","2,43","1,14","0,67","1,16","0,78","4,05","1,06","1,77","1,36","5,36","2,65"
tense,neg hi ar,5,1,15,"3,58","6,73","5,00","2,33","5,36","2,37","1,29","0,92","1,16","0,48","3,91","0,97","2,29","1,60","2,47","1,74"
cannon,unrel neu,6,2,7,"4,05","4,25","2,93","2,36","3,43","2,56","1,25","0,78","1,16","0,65","4,52","0,82","2,00","1,63","7,77","1,93"
jug,unrel neu,3,1,6,"5,00","3,50","2,93","2,17","3,64","2,27","1,11","0,44","1,16","0,57","5,02","0,15","1,43","0,93","6,95","2,39"
medicine,unrel neu,8,3,30,"5,76","4,48","6,11","2,30","6,73","2,09","1,02","0,15","1,16","0,56","5,73","1,48","2,76","2,37","6,58","2,45"
modest,unrel neu,6,2,29,"5,81","3,65","4,59","2,17","5,25","2,30","1,09","0,47","1,16","0,57","6,07","1,27","2,09","1,90","2,32","2,20"
bench,rel neu,5,1,35,"4,65","3,77","4,67","2,40","4,98","2,58","1,05","0,21","1,14","0,64","5,05","0,31","1,40","0,85","8,02","1,78"
cloth,rel neu,5,1,43,,,"4,23","2,64","4,66","2,61","1,02","0,15","1,14","0,63","5,02","0,15","1,34","0,71","7,48","1,89"
joke,pos hi ar,4,1,22,"8,00","6,82","6,36","2,22","6,80","2,00","1,04","0,21","1,13","0,63","5,98","1,12","2,67","1,98","2,20","1,85"
penalty,neg lo ar,7,3,14,"2,55","5,55","3,53","2,42","4,78","2,61","1,22","0,67","1,13","0,41","3,49","1,18","2,24","1,86","2,38","1,75"
severe,neg lo ar,6,2,39,"2,38","5,48","4,82","2,25","5,36","2,26","1,11","0,49","1,13","0,63","3,22","1,46","2,98","2,08","2,16","1,85"
reverent,unrel neu,8,3,3,"5,20","3,80","2,16","1,58","2,69","1,98","1,16","0,77","1,13","0,63","5,53","0,87","1,78","1,43","2,31","2,24"
consoled,unrel neu,8,2,2,"5,85","4,20","3,33","2,02","4,07","2,15","1,07","0,26","1,12","0,63","5,77","0,95","1,91","1,63","1,95","1,46"
luxury,pos lo ar,6,3,21,"8,03","5,04","4,87","2,55","5,93","2,51","1,07","0,33","1,11","0,61","6,64","1,40","3,44","2,63","5,47","2,62"
awed,pos hi ar,4,1,5,"7,05","5,42","3,27","2,17","3,67","2,28","1,07","0,25","1,11","0,61","6,00","0,98","2,51","2,02","2,24","1,93"
food,pos hi ar,4,1,147,"7,42","6,42","8,33","1,19","8,56","0,81","1,11","0,61","1,11","0,61","6,22","1,44","4,09","3,02","8,04","1,54"
zest,pos hi ar,4,1,5,"7,00","5,52","2,16","1,67","3,24","2,36","1,04","0,21","1,11","0,61","5,76","1,07","2,53","2,06","2,36","1,97"
fire,neg hi ar,4,1,187,"2,85","7,44","4,98","2,55","5,69","2,57","1,07","0,33","1,11","0,49","4,38","1,25","3,91","2,49","8,47","1,01"
barrel,unrel neu,6,2,24,"4,83","3,04","2,70","2,10","3,41","2,39","1,11","0,62","1,11","0,62","4,91","0,60","1,61","1,26","7,45","2,19"
violin,unrel neu,6,3,11,"5,96","3,42","3,27","2,16","4,09","2,47","1,02","0,15","1,11","0,61","5,29","0,76","1,98","1,60","8,62","0,75"
basin,rel neu,5,2,7,,,"2,11","1,95","2,66","1,82","1,02","0,15","1,11","0,61","4,98","0,15","1,16","0,42","5,51","3,04"
mixer,rel neu,5,2,2,,,"3,66","2,52","4,52","2,42","1,02","0,15","1,11","0,54","5,07","0,33","1,32","0,67","5,59","2,86"
bride,pos hi ar,5,1,33,"7,88","6,25","4,47","2,06","5,50","2,28","1,07","0,26","1,09","0,36","6,89","1,30","2,86","2,24","8,27","1,15"
loved,pos hi ar,5,1,56,"8,83","6,69","6,73","2,18","7,07","2,04","1,00","0,00","1,09","0,60","8,29","1,01","4,80","2,73","3,64","2,51"
headache,neg lo ar,8,2,5,"1,88","5,00","5,91","2,30","6,58","2,34","1,09","0,29","1,09","0,42","3,24","1,11","2,33","1,75","3,56","2,35"
cork,unrel neu,4,1,9,"5,27","3,73","3,27","1,91","3,78","2,23","1,04","0,21","1,09","0,36","4,93","0,39","1,60","1,18","7,20","2,53"
foot,unrel neu,4,1,70,"5,00","3,12","5,89","2,27","5,98","2,57","1,02","0,15","1,09","0,29","5,05","0,30","1,52","1,09","8,39","1,08"
pantry,rel neu,6,2,2,,,"3,50","2,37","4,27","2,48","1,02","0,15","1,09","0,47","5,16","0,65","1,50","1,21","6,59","2,41"
rake,rel neu,4,1,11,,,"2,98","2,32","3,78","2,44","1,04","0,21","1,09","0,36","4,98","0,15","1,44","0,92","7,60","2,41"
repair,rel neu,6,2,20,,,"4,32","2,38","5,02","2,55","1,05","0,21","1,09","0,36","5,77","1,24","1,80","1,39","4,07","2,39"
hug,pos lo ar,3,1,3,"8,17","5,26","6,84","2,08","6,96","2,23","1,00","0,00","1,07","0,25","7,71","1,06","4,09","2,46","7,02","2,26"
kitten,pos lo ar,6,2,5,"7,00","5,15","5,02","2,49","5,32","2,31","1,05","0,21","1,07","0,45","5,84","1,18","2,80","2,33","8,43","0,90"
soothe,pos lo ar,6,1,2,"7,20","4,31","4,22","2,43","4,76","2,55","1,02","0,15","1,07","0,25","6,62","1,19","2,93","2,40","2,78","2,16"
joyful,pos hi ar,6,2,1,"8,52","5,81","4,86","2,64","5,27","2,37","1,00","0,00","1,07","0,33","7,32","1,29","3,45","2,42","3,59","2,16"
lively,pos hi ar,6,2,26,"7,42","5,80","4,36","2,29","4,91","2,55","1,02","0,15","1,07","0,33","6,64","1,09","2,89","2,24","3,44","2,55"
muscular,pos hi ar,8,3,16,"7,09","5,29","5,20","2,29","6,18","2,32","1,09","0,29","1,07","0,45","6,09","1,18","2,95","2,20","7,48","1,66"
riches,pos hi ar,6,2,2,"7,85","5,96","3,56","2,34","4,74","2,47","1,07","0,26","1,07","0,26","6,49","1,53","2,65","2,30","5,07","2,68"
flood,neg hi ar,5,1,19,"2,68","6,09","3,75","2,47","4,86","2,68","1,07","0,26","1,07","0,26","3,70","1,21","2,09","1,65","6,84","2,12"
kerosene,unrel neu,8,3,6,"4,77","4,36","2,16","1,58","2,98","2,07","1,02","0,15","1,07","0,33","4,71","0,73","1,60","1,07","4,69","2,99"
lantern,unrel neu,7,2,13,"5,64","4,00","2,96","2,45","3,33","2,52","1,02","0,15","1,07","0,33","4,96","0,60","1,36","1,05","7,73","2,13"
limber,unrel neu,6,2,2,"5,90","4,52","2,69","1,94","3,47","2,35","1,04","0,21","1,07","0,33","5,49","0,92","1,87","1,65","3,02","2,33"
locker,unrel neu,6,2,9,"5,45","3,35","3,95","2,48","4,98","2,48","1,02","0,15","1,07","0,33","5,00","0,22","1,27","0,59","7,75","2,00"
privacy,unrel neu,7,3,12,"5,96","4,23","5,66","2,44","6,02","2,49","1,02","0,15","1,07","0,26","5,93","1,07","2,35","2,28","2,43","2,21"
statue,unrel neu,6,2,17,"5,23","3,09","3,77","2,32","4,30","2,29","1,07","0,26","1,07","0,33","4,84","0,75","1,61","1,22","7,27","2,42"
windmill,unrel neu,8,2,1,"6,10","3,45","2,82","2,38","3,09","2,49","1,04","0,21","1,07","0,33","5,02","0,34","1,44","0,92","7,89","1,76"
banister,rel neu,8,3,5,,,"2,32","2,08","2,89","2,38","1,05","0,21","1,07","0,26","4,82","0,76","1,39","1,04","6,52","2,93"
rug,rel neu,3,1,13,,,"4,95","2,58","5,02","2,56","1,05","0,21","1,07","0,26","5,07","0,45","1,43","0,95","8,32","1,22"
angel,pos lo ar,5,2,18,"7,81","4,65","4,58","2,42","5,40","2,47","1,00","0,00","1,05","0,31","7,58","1,37","3,05","2,44","7,72","1,70"
bird,pos lo ar,4,1,31,"7,41","3,39","5,55","2,60","5,98","2,65","1,05","0,30","1,05","0,30","5,41","0,73","1,86","1,72","8,45","1,00"
honest,pos lo ar,6,2,47,"8,00","5,09","6,36","2,29","6,36","2,24","1,00","0,00","1,05","0,30","7,51","1,33","3,24","2,72","2,13","2,07"
paradise,pos lo ar,8,3,12,"8,85","4,40","4,30","2,33","5,09","2,56","1,00","0,00","1,05","0,21","7,86","1,31","4,41","3,01","6,75","2,01"
pet,pos lo ar,3,1,8,"7,80","5,15","5,88","2,54","6,40","2,39","1,12","0,76","1,05","0,31","5,79","1,37","2,47","2,28","7,49","1,80"
secure,pos lo ar,6,2,30,"8,00","3,24","5,02","2,45","5,72","2,56","1,07","0,26","1,05","0,21","6,53","1,33","2,42","2,16","2,37","1,84"
banner,unrel neu,6,2,8,"5,45","4,19","3,61","2,47","4,27","2,54","1,02","0,15","1,05","0,21","4,89","0,62","1,18","0,54","7,32","2,12"
chin,unrel neu,4,1,27,"5,20","2,95","4,40","2,55","4,51","2,50","1,02","0,15","1,05","0,31","4,98","0,15","1,26","0,69","7,81","1,97"
corridor,unrel neu,8,3,17,"4,90","3,65","2,75","2,14","3,73","2,21","1,00","0,00","1,05","0,21","5,02","0,15","1,55","1,15","6,84","2,31"
hairpin,unrel neu,7,2,1,"5,13","3,22","3,98","2,69","4,27","2,73","1,02","0,15","1,05","0,30","5,00","0,00","1,23","0,61","7,52","2,30"
jelly,unrel neu,5,2,3,"5,62","3,54","4,57","2,34","5,18","2,36","1,02","0,15","1,05","0,21","5,02","0,51","1,80","1,58","7,45","2,06"
theory,unrel neu,6,2,129,"5,20","4,45","5,39","2,54","6,34","2,38","1,02","0,15","1,05","0,21","5,23","0,65","1,84","1,58","1,91","1,94"
backyard,rel neu,8,2,2,,,"5,36","2,62","5,64","2,67","1,09","0,36","1,05","0,21","5,23","0,80","1,91","1,67","7,80","1,61"
broom,rel neu,5,1,2,,,"4,34","2,55","4,75","2,70","1,05","0,21","1,05","0,21","4,80","0,70","1,36","1,28","8,25","1,33"
cellar,rel neu,6,2,26,"4,21","4,46","2,59","2,04","3,61","2,32","1,05","0,21","1,05","0,21","4,75","0,65","1,70","1,37","6,00","2,93"
den,rel neu,3,1,2,,,"3,36","2,23","4,25","2,34","1,02","0,15","1,05","0,21","4,91","0,83","1,48","1,11","5,05","2,94"
photo,rel neu,5,2,5,,,"5,75","2,74","6,36","2,35","1,02","0,15","1,05","0,21","5,27","0,69","1,91","1,80","7,57","1,89"
polish,rel neu,6,2,19,,,"4,02","2,60","4,58","2,64","1,07","0,26","1,05","0,21","5,23","0,72","1,74","1,51","4,74","2,85"
scissors,rel neu,8,2,1,"4,95","5,00","5,34","2,45","5,59","2,69","1,02","0,15","1,05","0,30","5,00","0,31","1,55","1,21","8,25","1,35"
capable,pos lo ar,7,3,66,"7,26","4,74","5,36","2,36","5,84","2,38","1,04","0,21","1,04","0,30","6,20","1,22","1,91","1,56","1,82","1,53"
melody,pos lo ar,6,3,21,"7,50","5,20","4,11","2,54","4,73","2,68","1,02","0,15","1,04","0,21","6,04","1,21","2,24","1,79","3,18","2,41"
wise,pos lo ar,4,1,36,"7,77","3,77","5,04","2,36","5,27","2,28","1,02","0,15","1,04","0,21","7,20","1,24","2,38","2,04","2,07","1,42"
adventure,pos hi ar,9,3,14,"8,00","7,05","5,58","2,58","5,80","2,28","1,04","0,30","1,04","0,30","6,53","1,24","4,40","2,92","3,89","2,44"
champ,pos hi ar,5,1,1,"7,15","5,85","3,47","2,56","4,60","2,47","1,04","0,21","1,04","0,30","6,53","1,24","2,60","2,08","4,11","2,81"
elated,pos hi ar,6,3,3,"7,43","6,22","3,27","2,40","3,51","2,29","1,04","0,21","1,04","0,30","6,67","1,48","2,84","2,55","2,56","2,30"
exercise,pos hi ar,8,3,58,"7,26","6,65","6,64","1,93","7,40","1,90","1,02","0,15","1,04","0,30","6,42","1,31","3,27","2,61","5,96","2,42"
liberty,pos hi ar,7,3,46,"8,10","5,47","3,58","2,38","5,02","2,32","1,04","0,21","1,04","0,21","7,36","1,28","2,98","2,35","3,29","2,55"
quick,pos hi ar,5,1,68,"6,59","6,50","5,93","2,37","5,93","2,44","1,07","0,33","1,04","0,21","5,42","0,84","1,84","1,80","3,36","2,56"
basket,unrel neu,6,2,17,"5,31","3,88","4,00","2,54","4,20","2,57","1,02","0,15","1,04","0,21","5,00","0,00","1,22","0,60","8,09","1,73"
context,unrel neu,7,2,2,"5,19","4,12","5,02","2,49","5,53","2,53","1,02","0,15","1,04","0,21","5,00","0,00","1,40","1,03","1,93","1,84"
egg,unrel neu,3,1,12,"5,42","4,00","5,29","2,52","5,56","2,63","1,02","0,15","1,04","0,21","5,13","0,51","1,62","1,39","8,40","1,07"
errand,unrel neu,6,2,7,"4,88","4,08","5,31","2,58","5,96","2,47","1,09","0,36","1,04","0,21","4,84","0,56","1,76","1,15","2,91","2,40"
fork,unrel neu,4,1,14,"5,12","3,88","6,42","2,36","6,51","2,49","1,00","0,00","1,04","0,21","5,04","0,56","1,51","0,94","8,58","0,97"
industry,unrel neu,8,3,171,"5,06","4,34","4,29","2,39","5,09","2,37","1,02","0,15","1,04","0,21","4,87","0,59","1,64","1,28","4,00","2,88"
journal,unrel neu,7,2,42,"5,32","3,68","4,73","2,62","5,00","2,72","1,04","0,21","1,04","0,21","5,24","0,71","1,87","1,60","7,60","2,31"
pamphlet,unrel neu,8,2,3,"4,73","3,81","3,51","2,44","4,16","2,56","1,09","0,36","1,04","0,21","4,98","0,15","1,36","0,77","7,42","2,18"
paper,unrel neu,5,2,157,"5,13","2,52","7,04","2,14","7,27","2,17","1,07","0,25","1,04","0,21","4,87","0,55","1,31","0,85","8,07","1,91"
phase,unrel neu,5,1,72,"5,14","4,57","4,20","2,49","4,80","2,59","1,02","0,15","1,04","0,21","5,02","0,15","1,36","0,77","1,91","1,56"
rattle,unrel neu,6,2,5,"4,85","4,35","3,13","2,24","3,44","2,29","1,04","0,21","1,04","0,21","4,80","0,73","1,73","1,53","5,87","2,80"
taxi,unrel neu,4,2,16,"4,62","3,08","4,22","2,65","5,20","2,65","1,02","0,15","1,04","0,21","5,09","0,47","1,31","0,73","8,31","1,26"
trunk,unrel neu,5,1,8,"5,16","4,35","4,71","2,65","4,82","2,73","1,02","0,15","1,04","0,30","4,96","0,21","1,36","0,83","6,67","2,72"
vest,unrel neu,4,1,4,"5,46","3,69","3,58","2,55","4,33","2,59","1,02","0,15","1,04","0,21","5,07","0,33","1,53","1,14","8,00","1,60"
antique,rel neu,7,2,12,,,"3,62","2,61","4,16","2,44","1,02","0,15","1,04","0,21","5,22","0,56","1,78","1,44","6,20","2,39"
blinds,rel neu,6,1,3,,,"4,91","2,69","4,98","2,57","1,02","0,15","1,04","0,21","4,98","0,15","1,44","1,01","7,58","2,22"
furnace,rel neu,7,2,11,,,"2,36","1,87","3,16","2,33","1,02","0,15","1,04","0,21","4,98","0,15","1,27","0,50","5,98","3,02"
iron,rel neu,4,2,43,"4,54","3,54","4,20","2,57","4,78","2,53","1,02","0,15","1,04","0,21","5,02","0,26","1,33","0,95","7,73","2,08"
mop,rel neu,3,1,3,,,"3,93","2,45","4,58","2,65","1,02","0,15","1,04","0,21","4,93","0,25","1,27","0,62","8,24","1,53"
refrigerator,rel neu,12,5,23,,,"6,42","2,31","6,51","2,30","1,00","0,00","1,04","0,30","5,16","0,48","1,78","1,59","8,44","1,20"
bath,pos lo ar,4,1,26,"7,42","3,58","5,07","2,58","5,59","2,40","1,05","0,21","1,02","0,15","5,68","1,24","2,09","1,83","7,59","1,85"
beauty,pos lo ar,6,2,71,"8,04","5,42","6,02","2,22","7,11","2,01","1,02","0,15","1,02","0,15","7,38","1,60","3,89","2,67","5,67","2,38"
cozy,pos lo ar,4,2,1,"7,30","3,04","5,56","2,26","5,64","2,29","1,02","0,15","1,02","0,15","6,62","1,28","3,00","2,37","4,16","2,47"
dignified,pos lo ar,9,3,7,"7,29","4,62","3,47","2,22","3,98","2,33","1,04","0,30","1,02","0,15","6,29","1,58","2,07","1,74","2,09","1,79"
friendly,pos lo ar,8,2,61,"8,50","5,28","6,56","2,01","6,64","2,16","1,02","0,15","1,02","0,15","7,42","1,18","2,87","2,09","3,31","2,32"
grateful,pos lo ar,8,2,25,"7,39","4,78","5,49","2,17","5,78","2,23","1,04","0,21","1,02","0,15","7,09","1,31","2,82","2,21","2,27","1,91"
heal,pos lo ar,4,1,2,"7,45","4,90","4,73","2,29","5,64","2,33","1,05","0,21","1,02","0,15","6,73","1,47","2,52","2,03","3,18","2,20"
loyal,pos lo ar,5,2,18,"7,93","5,24","5,11","2,38","5,86","2,36","1,00","0,00","1,02","0,15","7,34","1,24","2,82","2,44","2,16","1,78"
safe,pos lo ar,4,1,58,"7,71","3,75","5,42","2,40","5,87","2,66","1,02","0,15","1,02","0,15","6,49","1,31","2,18","2,02","2,69","2,26"
sailboat,pos lo ar,8,2,1,"7,96","5,00","3,63","2,36","4,07","2,37","1,02","0,15","1,02","0,15","5,05","0,75","1,60","1,24","8,30","1,19"
scholar,pos lo ar,7,2,15,"7,35","5,17","4,24","2,36","5,04","2,37","1,07","0,33","1,02","0,15","6,31","1,16","2,38","1,98","4,51","2,56"
silk,pos lo ar,4,1,12,"7,16","3,50","3,80","2,20","4,58","2,54","1,02","0,15","1,02","0,15","5,62","0,96","2,29","1,83","6,31","2,54"
tune,pos lo ar,4,1,10,"7,45","4,55","4,00","2,59","4,67","2,71","1,02","0,15","1,02","0,15","5,11","0,44","1,53","1,25","2,20","1,69"
vision,pos lo ar,6,2,56,"6,50","4,75","5,60","2,36","5,80","2,36","1,02","0,15","1,02","0,15","5,38","0,98","1,91","1,51","3,67","2,70"
wish,pos lo ar,4,1,110,"7,32","5,32","6,80","2,12","6,93","2,05","1,02","0,15","1,02","0,15","6,68","1,39","2,57","2,41","2,93","2,32"
ace,pos hi ar,3,1,15,"6,14","4,95","3,73","2,51","4,22","2,51","1,02","0,15","1,02","0,15","5,80","1,20","1,89","1,68","6,09","3,05"
admired,pos hi ar,7,3,17,"7,81","5,97","5,16","2,42","5,71","2,43","1,04","0,21","1,02","0,15","7,04","1,19","2,76","2,27","2,22","1,86"
alive,pos hi ar,5,2,57,"7,79","5,62","5,59","2,44","5,95","2,53","1,02","0,15","1,02","0,15","6,66","1,36","2,98","2,37","3,61","2,48"
couple,pos hi ar,6,2,122,"7,96","7,38","6,42","2,05","6,95","2,20","1,09","0,43","1,02","0,15","5,79","0,99","2,40","1,97","6,74","2,16"
excitement,pos hi ar,10,3,32,"7,83","8,07","5,89","2,41","6,29","2,36","1,02","0,15","1,02","0,15","7,02","1,34","3,76","2,71","3,33","2,42"
gift,pos hi ar,4,1,33,"8,38","6,59","6,02","2,23","6,61","2,26","1,02","0,15","1,02","0,15","6,82","1,33","3,34","2,71","7,59","1,73"
gold,pos hi ar,4,1,52,"7,35","5,43","4,72","2,61","5,77","2,54","1,02","0,15","1,02","0,15","6,67","1,34","3,02","2,64","8,00","1,38"
hopeful,pos hi ar,7,2,12,"7,12","5,50","5,29","2,35","5,56","2,60","1,02","0,15","1,02","0,15","6,80","1,34","3,02","2,32","2,20","1,59"
snow,pos hi ar,4,1,59,"7,27","6,12","4,69","2,49","5,51","2,47","1,02","0,15","1,02","0,15","5,84","1,07","3,31","2,38","8,40","1,18"
sunlight,pos hi ar,8,2,17,"8,45","6,86","5,29","2,21","5,87","2,25","1,02","0,15","1,02","0,15","6,40","1,23","2,62","2,15","7,51","1,79"
surprised,pos hi ar,9,2,58,"7,66","7,31","6,16","2,15","6,31","2,17","1,02","0,15","1,02","0,15","5,71","0,97","3,00","2,28","4,47","2,91"
hungry,neg lo ar,6,2,23,"3,52","5,09","7,79","1,74","7,84","1,69","1,02","0,15","1,02","0,15","4,33","1,15","3,72","2,46","3,19","2,26"
bees,neg hi ar,4,1,15,"3,15","6,31","3,93","2,42","4,55","2,72","1,05","0,21","1,02","0,15","4,41","0,97","2,00","1,71","8,27","1,23"
ankle,unrel neu,5,2,8,"5,00","4,04","4,89","2,57","4,78","2,45","1,02","0,15","1,02","0,15","4,93","0,33","1,31","0,79","8,22","1,44"
arm,unrel neu,3,1,94,"5,21","2,92","5,89","2,34","6,07","2,57","1,02","0,15","1,02","0,15","5,04","0,30","1,38","0,91","8,18","1,63"
butter,unrel neu,6,2,27,"5,31","3,12","5,43","2,30","5,64","2,44","1,05","0,30","1,02","0,15","4,91","0,74","1,43","0,93","8,20","1,58"
contents,unrel neu,8,2,16,"4,97","4,44","4,07","2,61","4,64","2,71","1,02","0,15","1,02","0,15","4,98","0,15","1,24","0,65","2,64","2,09"
elbow,unrel neu,5,2,10,"5,32","4,10","4,91","2,63","5,02","2,63","1,02","0,15","1,02","0,15","4,81","0,98","1,26","0,82","7,91","2,13"
engine,unrel neu,6,2,50,"5,09","3,66","3,82","2,69","4,58","2,74","1,02","0,15","1,02","0,15","5,00","0,00","1,56","1,34","6,93","2,36"
farm,unrel neu,4,1,125,"5,65","4,19","3,25","2,06","4,09","2,50","1,02","0,15","1,02","0,15","5,02","0,26","1,64","1,14","7,55","1,91"
glacier,unrel neu,7,2,1,"5,39","4,04","2,64","1,79","3,67","2,36","1,02","0,15","1,02","0,15","5,09","0,56","1,69","1,43","7,29","2,23"
golfer,unrel neu,6,2,3,"5,46","3,62","3,40","2,45","4,27","2,54","1,02","0,15","1,02","0,15","5,04","0,30","1,49","1,16","7,44","1,93"
hay,unrel neu,3,1,19,"5,30","3,05","2,84","2,23","3,38","2,42","1,02","0,15","1,02","0,15","5,02","0,26","1,31","0,82","7,64","2,11"
ink,unrel neu,3,1,7,"5,08","4,00","4,75","2,85","4,86","2,46","1,00","0,00","1,02","0,15","4,95","0,30","1,20","0,55","7,02","2,41"
kerchief,unrel neu,8,2,1,"4,81","3,27","2,41","2,19","2,70","2,30","1,02","0,15","1,02","0,15","4,98","0,15","1,23","0,57","6,89","2,65"
ketchup,unrel neu,7,2,1,"5,68","4,52","5,25","2,63","5,70","2,46","1,02","0,15","1,02","0,15","5,05","0,21","1,64","1,37","8,20","1,39"
knot,unrel neu,4,1,8,"4,82","4,62","4,45","2,54","4,80","2,64","1,02","0,15","1,02","0,15","5,00","0,53","1,34","0,96","7,55","1,87"
manner,unrel neu,6,2,124,"5,62","4,41","4,58","2,44","4,73","2,29","1,02","0,15","1,02","0,15","5,22","1,00","1,40","0,94","2,16","2,01"
metal,unrel neu,5,2,61,"4,80","3,75","4,59","2,65","5,14","2,75","1,05","0,21","1,02","0,15","4,84","0,78","1,36","0,97","6,66","2,53"
passage,unrel neu,7,2,49,"5,12","4,31","4,16","2,39","4,40","2,35","1,07","0,33","1,02","0,15","5,07","0,50","1,31","0,76","4,27","2,63"
patent,unrel neu,6,2,35,"5,10","3,68","3,16","2,46","4,16","2,62","1,00","0,00","1,02","0,15","5,18","0,61","1,49","1,10","2,69","2,49"
prairie,unrel neu,7,2,21,"5,93","3,26","2,64","2,29","3,02","2,28","1,00","0,00","1,02","0,15","5,20","0,82","1,56","1,41","6,76","2,56"
quiet,unrel neu,5,2,76,"5,52","2,94","6,31","2,21","6,49","2,14","1,02","0,15","1,02","0,15","5,11","0,86","1,69","1,40","2,67","2,16"
salad,unrel neu,5,2,9,"5,91","3,84","6,64","2,34","6,73","2,32","1,02","0,15","1,02","0,15","5,57","1,11","2,00","1,73","8,18","1,23"
teacher,unrel neu,7,2,80,"5,62","3,67","6,29","2,28","7,00","2,15","1,00","0,00","1,02","0,15","5,60","1,03","1,86","1,69","6,87","2,36"
tower,unrel neu,5,2,13,"5,35","3,50","3,84","2,62","4,33","2,77","1,02","0,15","1,02","0,15","5,00","0,00","1,38","0,91","7,40","1,90"
truck,unrel neu,5,1,57,"4,96","4,96","5,49","2,44","6,16","2,59","1,02","0,15","1,02","0,15","4,98","0,15","1,65","1,27","8,40","1,12"
wagon,unrel neu,5,2,55,"5,41","3,91","2,87","2,28","3,56","2,63","1,02","0,15","1,02","0,15","5,00","0,00","1,24","0,53","7,58","2,05"
yellow,unrel neu,6,2,55,"5,58","4,77","5,40","2,27","5,64","2,44","1,07","0,33","1,02","0,15","5,24","0,65","1,95","1,80","8,49","1,41"
armchair,rel neu,8,2,4,,,"3,43","2,55","4,34","2,50","1,02","0,15","1,02","0,15","5,07","0,33","1,57","1,34","7,93","1,81"
bake,rel neu,4,1,12,"6,05","5,45","5,91","2,37","6,07","2,46","1,02","0,15","1,02","0,15","5,77","1,13","2,91","2,37","5,93","2,44"
balcony,rel neu,7,3,5,,,"4,40","2,61","4,64","2,62","1,02","0,15","1,02","0,15","5,20","0,51","1,73","1,36","7,82","1,66"
basement,rel neu,8,2,31,,,"3,47","2,59","4,04","2,69","1,04","0,21","1,02","0,15","4,84","0,56","1,27","0,72","7,09","2,20"
bowl,rel neu,4,1,23,"5,54","3,50","6,29","2,32","6,51","2,27","1,02","0,15","1,02","0,15","5,04","0,37","1,44","1,20","8,24","1,42"
cabinet,rel neu,7,3,17,"5,00","3,57","4,95","2,33","5,32","2,52","1,05","0,21","1,02","0,15","4,93","0,63","1,36","0,92","7,70","1,98"
carpet,rel neu,6,2,13,,,"5,31","2,47","5,47","2,63","1,02","0,15","1,02","0,15","5,07","0,33","1,27","0,86","7,91","1,87"
ceiling,rel neu,7,2,31,,,"4,88","2,58","4,98","2,47","1,02","0,15","1,02","0,15","5,12","0,63","1,33","0,92","7,70","1,95"
chimney,rel neu,7,2,7,,,"3,29","2,58","4,07","2,67","1,02","0,15","1,02","0,15","5,09","0,36","1,33","0,91","7,96","1,87"
clock,rel neu,5,1,20,"5,45","4,10","6,16","2,58","6,36","2,40","1,05","0,21","1,02","0,15","4,98","0,15","1,45","1,04","8,25","1,30"
cook,rel neu,4,1,47,"6,24","4,62","6,57","2,11","6,91","2,27","1,11","0,62","1,02","0,15","5,50","1,09","2,59","2,08","6,59","2,28"
couch,rel neu,5,1,12,,,"6,32","2,36","6,52","2,42","1,00","0,00","1,02","0,15","5,05","0,68","1,84","1,67","8,32","1,27"
cupboard,rel neu,8,2,2,,,"4,58","2,81","4,89","2,79","1,07","0,33","1,02","0,15","5,02","0,15","1,27","0,84","7,49","2,13"
curtains,rel neu,8,2,8,"4,68","3,68","4,96","2,49","5,38","2,55","1,02","0,15","1,02","0,15","4,91","0,60","1,40","0,84","8,36","1,19"
dish,rel neu,4,1,16,,,"6,11","2,27","6,32","2,38","1,02","0,15","1,02","0,15","4,98","0,15","1,23","0,71","7,66","2,15"
dresser,rel neu,7,2,1,,,"4,77","2,89","5,02","2,49","1,02","0,15","1,02","0,15","5,00","0,22","1,30","0,82","8,09","1,71"
dryer,rel neu,5,2,4,,,"6,13","2,30","6,18","2,55","1,02","0,15","1,02","0,15","5,00","0,37","1,44","1,14","7,78","1,77"
fireplace,rel neu,9,3,6,,,"4,29","2,61","4,64","2,62","1,02","0,15","1,02","0,15","5,49","0,92","2,33","1,86","8,20","1,18"
freezer,rel neu,7,2,1,,,"6,00","2,52","5,98","2,57","1,02","0,15","1,02","0,15","4,93","0,63","1,41","0,95","7,89","1,62"
hammer,rel neu,6,2,9,"5,00","4,50","3,80","2,34","4,67","2,71","1,02","0,15","1,02","0,15","4,95","0,30","1,53","1,08","8,31","1,44"
jar,rel neu,3,1,16,,,"4,27","2,63","4,84","2,78","1,02","0,15","1,02","0,15","4,93","0,45","1,25","0,58","8,27","1,53"
kettle,rel neu,6,2,3,"5,25","2,85","3,40","2,76","3,82","2,72","1,02","0,15","1,02","0,15","5,02","0,15","1,40","0,99","6,93","2,47"
ladder,rel neu,6,2,19,,,"3,69","2,55","4,40","2,67","1,02","0,15","1,02","0,15","5,00","0,00","1,44","0,97","8,16","1,67"
lawn,rel neu,4,1,15,"5,23","3,82","4,27","2,71","5,09","2,58","1,02","0,15","1,02","0,15","5,02","0,88","1,50","1,27","7,30","2,15"
mantel,rel neu,6,2,3,"4,96","2,88","3,13","2,79","3,73","2,60","1,02","0,15","1,02","0,15","5,00","0,00","1,13","0,34","6,44","2,68"
microwave,rel neu,9,3,2,,,"6,23","2,34","6,50","2,30","1,05","0,21","1,02","0,15","5,00","0,92","1,64","1,22","8,34","1,36"
mirror,rel neu,6,2,27,,,"6,57","2,30","6,64","2,34","1,00","0,00","1,02","0,15","5,09","0,60","1,61","1,26","8,14","1,59"
paint,rel neu,5,1,37,"6,05","3,86","5,02","2,64","5,48","2,69","1,05","0,30","1,02","0,15","5,32","0,83","2,05","1,94","7,57","1,85"
pan,rel neu,3,1,16,,,"5,18","2,67","5,04","2,53","1,02","0,15","1,02","0,15","4,98","0,15","1,22","0,67","7,78","2,07"
patio,rel neu,5,3,2,,,"4,33","2,42","4,82","2,42","1,02","0,15","1,02","0,15","5,09","0,36","1,73","1,67","7,67","1,98"
poster,rel neu,6,2,4,"5,25","3,33","4,67","2,35","5,13","2,56","1,02","0,15","1,02","0,15","5,07","0,25","1,36","0,80","7,82","1,68"
radiator,rel neu,8,4,4,"4,82","3,64","2,69","2,14","3,51","2,27","1,04","0,21","1,02","0,15","4,80","0,89","1,27","0,84","5,58","3,04"
range,rel neu,5,1,160,,,"4,38","2,56","4,44","2,55","1,02","0,15","1,02","0,15","5,00","0,00","1,20","0,59","2,11","1,95"
rinse,rel neu,5,1,6,,,"5,73","2,41","5,84","2,50","1,02","0,15","1,02","0,15","5,05","0,21","1,41","0,84","4,91","2,80"
screen,rel neu,6,1,48,,,"4,47","2,41","5,18","2,56","1,02","0,15","1,02","0,15","4,98","0,69","1,31","0,82","7,16","2,35"
seat,rel neu,4,1,54,"5,17","3,17","5,89","2,39","6,09","2,62","1,02","0,15","1,02","0,15","5,00","0,57","1,52","1,39","7,56","2,04"
shine,rel neu,5,1,5,,,"5,00","2,59","5,27","2,34","1,02","0,15","1,02","0,15","6,13","1,10","2,29","1,95","5,33","2,71"
shovel,rel neu,6,2,5,,,"3,42","2,40","3,96","2,48","1,02","0,15","1,02","0,15","4,96","0,30","1,18","0,49","8,09","1,65"
sink,rel neu,4,1,23,,,"5,64","2,57","5,95","2,55","1,00","0,00","1,02","0,15","5,12","0,63","1,31","0,84","8,05","1,61"
soap,rel neu,4,1,22,,,"6,11","2,29","6,09","2,43","1,02","0,15","1,02","0,15","5,31","0,87","1,33","0,83","8,09","1,58"
sofa,rel neu,4,2,6,,,"4,69","2,75","5,60","2,49","1,02","0,15","1,02","0,15","5,29","0,84","1,87","1,80","8,31","1,33"
steps,rel neu,5,1,119,,,"5,67","2,55","6,13","2,71","1,02","0,15","1,02","0,15","5,07","0,25","1,41","1,13","7,18","2,47"
stereo,rel neu,6,3,12,,,"4,68","2,55","5,30","2,36","1,02","0,15","1,02","0,15","5,23","0,57","1,64","1,30","7,57","1,93"
stove,rel neu,5,1,15,"4,62","4,69","5,53","2,49","5,44","2,60","1,02","0,15","1,02","0,15","5,07","0,45","1,47","1,01","8,13","1,44"
table,rel neu,5,2,198,"5,19","2,85","6,47","2,35","6,69","2,43","1,02","0,15","1,02","0,15","4,89","0,61","1,36","0,93","8,36","1,33"
terrace,rel neu,7,2,9,,,"3,11","2,42","3,61","2,52","1,02","0,15","1,02","0,15","5,09","0,47","1,64","1,24","5,36","2,85"
towel,rel neu,5,2,6,,,"6,39","2,17","6,11","2,51","1,02","0,15","1,02","0,15","5,11","0,62","1,32","0,86","8,20","1,37"
vase,rel neu,4,1,4,,,"3,98","2,47","4,35","2,35","1,02","0,15","1,02","0,15","5,05","0,21","1,40","0,96","7,93","1,60"
bunny,pos lo ar,5,2,1,"7,70","3,80","4,20","2,52","4,71","2,47","1,02","0,15","1,00","0,00","5,82","1,30","2,47","2,04","8,47","1,08"
cake,pos lo ar,4,1,9,"7,26","4,91","5,50","2,09","5,98","2,26","1,00","0,00","1,00","0,00","6,07","1,27","3,07","2,29","8,63","0,69"
color,pos lo ar,5,2,141,"7,00","4,82","6,44","2,07","6,56","2,25","1,00","0,00","1,00","0,00","5,51","0,94","2,20","1,87","6,18","2,88"
movie,pos lo ar,5,2,29,"6,93","4,86","7,22","1,89","7,71","1,98","1,02","0,15","1,00","0,00","5,87","1,06","3,14","2,39","6,82","2,29"
peace,pos lo ar,5,1,198,"8,20","2,05","5,91","2,44","6,38","2,47","1,00","0,00","1,00","0,00","7,42","1,34","3,42","2,62","4,00","3,16"
pillow,pos lo ar,6,2,8,"7,95","2,45","6,47","2,33","6,00","2,60","1,00","0,00","1,00","0,00","5,47","0,79","2,09","1,86","8,62","0,89"
sunrise,pos lo ar,7,2,10,"7,91","5,04","4,96","2,27","5,38","2,53","1,00","0,00","1,00","0,00","6,53","1,36","3,16","2,38","8,27","1,14"
sunset,pos lo ar,6,2,14,"8,19","4,23","5,61","2,37","6,11","2,42","1,02","0,15","1,00","0,00","6,89","1,37","3,50","2,47","8,50","0,88"
bouquet,pos hi ar,7,2,4,"7,55","5,85","4,04","2,16","4,60","2,44","1,00","0,00","1,00","0,00","5,89","1,01","2,22","1,89","7,53","2,17"
brave,pos hi ar,5,1,24,"7,55","6,35","4,91","2,22","5,72","2,42","1,02","0,15","1,00","0,00","6,93","1,28","3,12","2,43","3,07","2,09"
bright,pos hi ar,6,1,87,"7,91","5,62","5,73","2,42","5,40","2,65","1,04","0,30","1,00","0,00","6,51","1,25","2,91","2,43","5,93","2,86"
song,pos hi ar,4,1,70,"7,85","6,80","7,05","2,13","7,21","2,41","1,00","0,00","1,00","0,00","5,58","1,18","2,35","2,24","3,70","2,43"
star,pos hi ar,4,1,25,"7,23","5,73","5,60","2,02","5,82","2,40","1,02","0,15","1,00","0,00","6,22","1,17","2,80","2,23","8,18","1,23"
bandage,unrel neu,7,2,4,"5,05","4,19","4,56","2,51","5,07","2,54","1,02","0,15","1,00","0,00","5,16","1,02","1,42","0,91","8,05","1,62"
circle,unrel neu,6,2,60,"6,00","4,24","5,47","2,30","5,51","2,65","1,00","0,00","1,00","0,00","4,95","0,65","1,26","0,66","8,58","1,18"
cord,unrel neu,4,1,6,"5,23","3,27","4,18","2,79","4,33","2,69","1,02","0,15","1,00","0,00","4,93","0,45","1,27","0,94","7,71","1,95"
fabric,unrel neu,6,2,15,"5,38","4,32","4,42","2,67","4,69","2,52","1,00","0,00","1,00","0,00","5,04","0,30","1,51","1,18","6,73","2,43"
icebox,unrel neu,6,2,3,"4,91","3,59","2,52","2,32","3,27","2,38","1,02","0,15","1,00","0,00","5,14","0,67","1,41","1,09","6,98","2,57"
item,unrel neu,4,2,54,"5,20","2,95","5,18","2,67","5,56","2,58","1,02","0,15","1,00","0,00","5,02","0,15","1,33","0,85","3,89","2,79"
museum,unrel neu,6,2,32,"5,62","3,00","4,57","2,63","4,77","2,37","1,00","0,00","1,00","0,00","5,27","0,73","1,93","1,78","7,16","2,33"
pencil,unrel neu,6,2,34,"5,19","3,19","6,64","2,34","6,60","2,51","1,00","0,00","1,00","0,00","4,93","0,45","1,22","0,60","8,58","1,10"
quart,unrel neu,5,1,3,"5,33","3,17","3,16","2,39","3,84","2,51","1,02","0,15","1,00","0,00","5,02","0,15","1,36","0,94","4,58","3,17"
ship,unrel neu,4,1,83,"5,75","4,75","3,98","2,80","4,64","2,66","1,02","0,15","1,00","0,00","5,04","0,30","1,38","0,98","8,18","1,25"
spray,unrel neu,5,1,16,"5,45","3,80","4,76","2,40","5,04","2,56","1,02","0,15","1,00","0,00","4,87","0,41","1,47","1,04","5,93","2,61"
appliance,rel neu,9,3,5,"5,15","3,85","3,95","2,39","5,07","2,42","1,00","0,00","1,00","0,00","5,02","0,15","1,33","1,03","7,00","2,02"
book,rel neu,4,1,193,"5,55","4,20","7,04","2,24","7,29","2,05","1,00","0,00","1,00","0,00","5,31","1,22","1,67","1,21","8,49","1,20"
chair,rel neu,5,1,66,"5,00","3,07","6,52","2,51","6,66","2,48","1,00","0,00","1,00","0,00","5,07","0,59","1,50","1,37","8,39","1,24"
desk,rel neu,4,1,65,,,"5,98","2,42","6,02","2,29","1,02","0,15","1,00","0,00","5,05","0,31","1,28","0,70","8,26","1,27"
furniture,rel neu,9,3,39,,,"5,42","2,37","5,96","2,42","1,02","0,15","1,00","0,00","5,07","0,25","1,40","0,96","7,78","1,72"
glass,rel neu,5,1,99,"4,92","4,15","6,20","2,31","6,25","2,48","1,00","0,00","1,00","0,00","5,02","0,15","1,30","0,82","7,59","1,91"
lamp,rel neu,4,1,18,"5,75","3,90","5,18","2,49","5,42","2,50","1,02","0,15","1,00","0,00","5,18","0,65","1,22","0,64","8,18","1,51"
picture,rel neu,7,2,162,,,"6,62","2,21","6,93","2,25","1,09","0,60","1,00","0,00","5,49","0,99","2,29","2,10","7,71","1,63"
plant,rel neu,5,1,125,"5,88","3,81","5,25","2,26","5,43","2,46","1,00","0,00","1,00","0,00","5,05","0,48","1,48","1,25","7,98","1,62"
roof,rel neu,4,1,59,,,"4,69","2,58","5,09","2,64","1,00","0,00","1,00","0,00","5,02","0,15","1,27","0,92","8,00","1,62"
shower,rel neu,6,2,15,,,"7,40","2,12","7,47","1,95","1,02","0,15","1,00","0,00","5,80","1,22","2,11","1,87","7,93","1,74"
sponge,rel neu,6,1,7,,,"4,64","2,63","4,87","2,71","1,00","0,00","1,00","0,00","5,00","0,00","1,20","0,51","7,98","1,57"
stairs,rel neu,6,1,47,,,"6,22","2,28","6,13","2,50","1,00","0,00","1,00","0,00","4,98","0,15","1,40","1,36","8,38","1,27"
wash,rel neu,4,1,37,,,"6,72","2,38","6,93","2,18","1,00","0,00","1,00","0,00","5,26","0,76","1,67","1,43","5,84","2,47"
window,rel neu,6,2,119,"5,87","3,87","6,36","2,25","6,52","2,38","1,00","0,00","1,00","0,00","5,05","0,21","1,52","1,13","8,34","1,40"
